Indikator A;Indikator B
0.12176341;0.464951561
0.435974893;0.406406728
0.301644557;0.875542234
0.464223366;0.493043018
0.15777354;0.868549354
0.569697095;0.657397484
0.705442752;0.292339216
0.158380451;0.728564671
0.004154402;0.554818162
0.413822338;0.156538295
0.405575316;0.942692892
0.011579536;0.524718017
0.319101393;0.33458084
0.35486368;0.247420016
0.828180798;0.825877898
0.198159796;0.770920483
0.12909265;0.67176046
0.304180671;0.984537153
0.037460177;0.008690433
